target,token_accuracy,sequence_accuracy
color,1.0,0.804355762012012
style,1.0,0.804355762012012
fit,1.0,0.804355762012012
material,1.0,0.804355762012012
season,1.0,0.804355762012012
sleeve,1.0,0.804355762012012
category,1.0,0.804355762012012
