target,token_accuracy,sequence_accuracy
color,1.0,0.806748712998713
style,1.0,0.806748712998713
fit,1.0,0.806748712998713
material,1.0,0.806748712998713
season,1.0,0.806748712998713
sleeve,1.0,0.806748712998713
category,1.0,0.806748712998713
