target,token_accuracy,sequence_accuracy
color,1.0,0.8161398785218458
style,1.0,0.8161398785218458
fit,1.0,0.8161398785218458
material,1.0,0.8161398785218458
season,1.0,0.8161398785218458
sleeve,1.0,0.8161398785218458
category,1.0,0.8161398785218458
