epoch,mse
1,0.037849892
2,0.012319117
3,0.012140288
4,0.011923676
5,0.011711388
6,0.011560131
7,0.0113403145
8,0.011264202
9,0.011090445
10,0.01106679
11,0.01099492
12,0.010931779
13,0.010930097
14,0.010901929
15,0.010864042
16,0.010833178
17,0.0108320825
18,0.010810105
19,0.010798766
20,0.01078225
21,0.010770537
22,0.010766249
23,0.010767487
24,0.01075929
25,0.010754364
26,0.010749207
27,0.010749194
28,0.010744177
29,0.010726892
30,0.010707171
