epoch,mse
1,0.03847885
2,0.012362269
3,0.012187526
4,0.012023525
5,0.011820181
6,0.011653503
7,0.011542082
8,0.011383465
9,0.011222583
10,0.0110933855
11,0.011026398
12,0.010968302
13,0.010915247
14,0.010901084
15,0.010857409
16,0.010855556
17,0.010827649
18,0.010809021
19,0.010794825
20,0.010792019
21,0.010773518
22,0.010760163
23,0.010750842
24,0.010742011
25,0.0107342405
26,0.010733668
27,0.010729374
28,0.010722303
29,0.010718205
30,0.010703965
