epoch,mse
1,0.03744408
2,0.012318117
3,0.012065757
4,0.011862491
5,0.011619177
6,0.011467745
7,0.011236079
8,0.011144312
9,0.010982505
10,0.010960063
11,0.010889179
12,0.010840363
13,0.010854275
14,0.010808724
15,0.010799583
16,0.010792388
17,0.010779357
18,0.010762851
19,0.01075809
20,0.010749544
21,0.010747681
22,0.010745657
23,0.010738361
24,0.010733531
25,0.010724015
26,0.01072894
27,0.010721248
28,0.010722098
29,0.010713123
30,0.010707941
